{
  "properties": {
    "connectionReferences": {
      "shared_azureautomation": {
        "runtimeSource": "embedded",
        "connection": {
          "connectionReferenceLogicalName": "ls_sharedazureautomation_628ee"
        },
        "api": {
          "name": "shared_azureautomation"
        }
      }
    },
    "definition": {
      "$schema": "https://schema.management.azure.com/providers/Microsoft.Logic/schemas/2016-06-01/workflowdefinition.json#",
      "contentVersion": "1.0.0.0",
      "parameters": {
        "$connections": {
          "defaultValue": {},
          "type": "Object"
        },
        "$authentication": {
          "defaultValue": {},
          "type": "SecureObject"
        }
      },
      "triggers": {
        "manual": {
          "metadata": {
            "operationMetadataId": "65583ab8-c13a-4ac2-91fd-b16a88e13010"
          },
          "type": "Request",
          "kind": "Http",
          "inputs": {
            "schema": {
              "type": "object",
              "properties": {
                "upn": {
                  "type": "string"
                }
              }
            }
          }
        }
      },
      "actions": {
        "Get_job_output": {
          "runAfter": {
            "Create_job": [
              "Succeeded"
            ]
          },
          "metadata": {
            "operationMetadataId": "b82cc22e-78e3-46d4-870d-cd52dc763707"
          },
          "type": "OpenApiConnection",
          "inputs": {
            "host": {
              "connectionName": "shared_azureautomation",
              "operationId": "GetJobOutput",
              "apiId": "/providers/Microsoft.PowerApps/apis/shared_azureautomation"
            },
            "parameters": {
              "subscriptionId": "YOUR SUBSCRIPTION ID",
              "resourceGroupName": "YOUR RESOURCE GROUP NAME",
              "automationAccount": "YOUR AUTOMATION ACCOUNT",
              "jobId": "@outputs('Create_job')?['body/properties/jobId']"
            },
            "authentication": "@parameters('$authentication')"
          }
        },
        "Create_job": {
          "runAfter": {},
          "metadata": {
            "operationMetadataId": "2eac1287-55ac-4a26-b5d3-29c30a736796"
          },
          "type": "OpenApiConnection",
          "inputs": {
            "host": {
              "connectionName": "shared_azureautomation",
              "operationId": "CreateJob",
              "apiId": "/providers/Microsoft.PowerApps/apis/shared_azureautomation"
            },
            "parameters": {
              "subscriptionId": "YOUR SUBSCRIPTION ID",
              "resourceGroupName": "YOUR RESOURCE GROUP NAME",
              "automationAccount": "YOUR AUTOMATION ACCOUNT",
              "runbookName": "YOUR RUNBOOK",
              "wait": true,
              "body/properties/parameters/UPN": "@triggerBody()?['upn']"
            },
            "authentication": "@parameters('$authentication')"
          }
        },
        "Compose_-_remove_trailing_line_breaks": {
          "runAfter": {
            "Get_job_output": [
              "Succeeded"
            ]
          },
          "metadata": {
            "operationMetadataId": "884965ff-e5a6-422f-892d-23313a9a77ee"
          },
          "type": "Compose",
          "inputs": "@replace(outputs('Get_job_output')?['body'],decodeUriComponent('%0D%0A'),'')"
        },
        "Response": {
          "runAfter": {
            "Compose_-_remove_trailing_line_breaks": [
              "Succeeded"
            ]
          },
          "metadata": {
            "operationMetadataId": "dd78be8a-dbf2-4530-be11-bf726df2bbcb"
          },
          "type": "Response",
          "kind": "Http",
          "inputs": {
            "statusCode": 200,
            "body": {
              "ExchangeGUID": "@outputs('Compose_-_remove_trailing_line_breaks')"
            },
            "schema": {
              "ExchangeGUID": 1
            }
          }
        }
      },
      "outputs": {}
    }
  },
  "schemaVersion": "1.0.0.0"
}