{
  "properties": {
    "connectionReferences": {},
    "definition": {
      "$schema": "https://schema.management.azure.com/providers/Microsoft.Logic/schemas/2016-06-01/workflowdefinition.json#",
      "contentVersion": "1.0.0.0",
      "parameters": {
        "$authentication": {
          "defaultValue": {},
          "type": "SecureObject"
        }
      },
      "triggers": {
        "manual": {
          "metadata": {
            "operationMetadataId": "baa88528-b6dd-4e37-8dd9-34b33606091e"
          },
          "type": "Request",
          "kind": "PowerAppV2",
          "inputs": {
            "schema": {
              "type": "object",
              "properties": {
                "text": {
                  "title": "UPN",
                  "type": "string",
                  "x-ms-dynamically-added": true,
                  "description": "Please enter your input",
                  "x-ms-content-hint": "TEXT"
                }
              },
              "required": [
                "text"
              ]
            }
          }
        }
      },
      "actions": {
        "Compose_-_assemble_full_URL": {
          "runAfter": {
            "Parse_JSON_-_child_workflow_results": [
              "Succeeded"
            ]
          },
          "metadata": {
            "operationMetadataId": "8e3fe945-c0af-42b3-a3bf-b9395a19a056"
          },
          "type": "Compose",
          "inputs": "@concat('https://outlook.office.com/bookwithme/user/',body('Parse_JSON_-_child_workflow_results')?['ExchangeGUID'],'@YOURDOMAIN.com','?anonymous&ep=plink')"
        },
        "Initialize_variable_-_Client": {
          "runAfter": {
            "Initialize_variable_-_Tenant": [
              "Succeeded"
            ]
          },
          "metadata": {
            "operationMetadataId": "9a0fb740-9104-4281-9f10-e0879c86b002"
          },
          "type": "InitializeVariable",
          "inputs": {
            "variables": [
              {
                "name": "Client",
                "type": "string",
                "value": "YOUR CLIENT ID"
              }
            ]
          }
        },
        "Initialize_variable_-_Secret": {
          "runAfter": {
            "Initialize_variable_-_Client": [
              "Succeeded"
            ]
          },
          "metadata": {
            "operationMetadataId": "ebc4fded-0c7a-4495-8fac-3ead92690028"
          },
          "type": "InitializeVariable",
          "inputs": {
            "variables": [
              {
                "name": "Secret",
                "type": "string",
                "value": "YOUR SECRET"
              }
            ]
          }
        },
        "Initialize_variable_-_Tenant": {
          "runAfter": {},
          "metadata": {
            "operationMetadataId": "b2956487-3ed4-44a3-abfb-81283ea78561"
          },
          "type": "InitializeVariable",
          "inputs": {
            "variables": [
              {
                "name": "Tenant",
                "type": "string",
                "value": "YOUR TENANT ID"
              }
            ]
          }
        },
        "HTTP_-_add_Book_with_Me_URL_into_extensionAttribute1": {
          "runAfter": {
            "Compose_-_assemble_full_URL": [
              "Succeeded"
            ]
          },
          "metadata": {
            "operationMetadataId": "ed8c6b16-87df-437d-b27f-fcfac5721747"
          },
          "type": "Http",
          "inputs": {
            "method": "PATCH",
            "uri": "https://graph.microsoft.com/v1.0/users/@{triggerBody()['text']}",
            "body": {
              "onPremisesExtensionAttributes": {
                "extensionAttribute1": "@outputs('Compose_-_assemble_full_URL')"
              }
            },
            "authentication": {
              "type": "ActiveDirectoryOAuth",
              "tenant": "@variables('Tenant')",
              "audience": "https://graph.microsoft.com",
              "clientId": "@variables('Client')",
              "secret": "@variables('Secret')"
            }
          }
        },
        "HTTP_-_call_child_workflow": {
          "runAfter": {
            "Initialize_variable_-_Secret": [
              "Succeeded"
            ]
          },
          "metadata": {
            "operationMetadataId": "45ceb8a0-0db5-40ed-aa0c-b6883b53c400"
          },
          "type": "Http",
          "inputs": {
            "method": "POST",
            "uri": "YOUR CHILD WORKFLOW URL",
            "body": {
              "upn": "@triggerBody()['text']"
            }
          }
        },
        "Parse_JSON_-_child_workflow_results": {
          "runAfter": {
            "HTTP_-_call_child_workflow": [
              "Succeeded"
            ]
          },
          "metadata": {
            "operationMetadataId": "91fb60b4-75a9-451b-a69c-be12f367a97e"
          },
          "type": "ParseJson",
          "inputs": {
            "content": "@body('HTTP_-_call_child_workflow')",
            "schema": {
              "type": "object",
              "properties": {
                "ExchangeGUID": {
                  "type": "string"
                }
              }
            }
          }
        }
      }
    }
  },
  "schemaVersion": "1.0.0.0"
}