{
  "properties": {
    "connectionReferences": {},
    "definition": {
      "$schema": "https://schema.management.azure.com/providers/Microsoft.Logic/schemas/2016-06-01/workflowdefinition.json#",
      "contentVersion": "1.0.0.0",
      "parameters": {
        "$authentication": {
          "defaultValue": {},
          "type": "SecureObject"
        }
      },
      "triggers": {
        "manual": {
          "metadata": {
            "operationMetadataId": "ea1406bd-8aa5-41e1-a391-c744cda0da73"
          },
          "type": "Request",
          "kind": "PowerAppV2",
          "inputs": {
            "schema": {
              "type": "object",
              "properties": {
                "text": {
                  "title": "UPN",
                  "type": "string",
                  "x-ms-dynamically-added": true,
                  "description": "Please enter your input",
                  "x-ms-content-hint": "TEXT"
                }
              },
              "required": [
                "text"
              ]
            }
          }
        }
      },
      "actions": {
        "Initialize_variable_-_Tenant": {
          "runAfter": {
            "Initialize_variable_-_Book_with_Me_enabled_or_not": [
              "Succeeded"
            ]
          },
          "metadata": {
            "operationMetadataId": "b2956487-3ed4-44a3-abfb-81283ea78561"
          },
          "type": "InitializeVariable",
          "inputs": {
            "variables": [
              {
                "name": "Tenant",
                "type": "string",
                "value": "YOUR TENANT ID"
              }
            ]
          }
        },
        "Initialize_variable_-_Client": {
          "runAfter": {
            "Initialize_variable_-_Tenant": [
              "Succeeded"
            ]
          },
          "metadata": {
            "operationMetadataId": "9a0fb740-9104-4281-9f10-e0879c86b002"
          },
          "type": "InitializeVariable",
          "inputs": {
            "variables": [
              {
                "name": "Client",
                "type": "string",
                "value": "YOUR CLIENT ID"
              }
            ]
          }
        },
        "Initialize_variable_-_Secret": {
          "runAfter": {
            "Initialize_variable_-_Client": [
              "Succeeded"
            ]
          },
          "metadata": {
            "operationMetadataId": "ebc4fded-0c7a-4495-8fac-3ead92690028"
          },
          "type": "InitializeVariable",
          "inputs": {
            "variables": [
              {
                "name": "Secret",
                "type": "string",
                "value": "YOUR SECRET"
              }
            ]
          }
        },
        "HTTP_-_get_Book_with_Me_URL_from_extensionAttribute1": {
          "runAfter": {
            "Initialize_variable_-_Secret": [
              "Succeeded"
            ]
          },
          "metadata": {
            "operationMetadataId": "ed8c6b16-87df-437d-b27f-fcfac5721747"
          },
          "type": "Http",
          "inputs": {
            "method": "GET",
            "uri": "https://graph.microsoft.com/v1.0/users/@{triggerBody()['text']}?$select=onPremisesExtensionAttributes",
            "authentication": {
              "type": "ActiveDirectoryOAuth",
              "tenant": "@variables('Tenant')",
              "audience": "https://graph.microsoft.com",
              "clientId": "@variables('Client')",
              "secret": "@variables('Secret')"
            }
          }
        },
        "Parse_JSON": {
          "runAfter": {
            "HTTP_-_get_Book_with_Me_URL_from_extensionAttribute1": [
              "Succeeded"
            ]
          },
          "metadata": {
            "operationMetadataId": "3b3b38a9-dcdd-4fe5-8e75-6b2747152cd3"
          },
          "type": "ParseJson",
          "inputs": {
            "content": "@body('HTTP_-_get_Book_with_Me_URL_from_extensionAttribute1')",
            "schema": {
              "type": "object",
              "properties": {
                "@@odata.context": {
                  "type": "string"
                },
                "onPremisesExtensionAttributes": {
                  "type": "object",
                  "properties": {
                    "extensionAttribute1": {
                      "type": [
                        "string",
                        "null"
                      ]
                    }
                  }
                }
              }
            }
          }
        },
        "Condition_-_enabled_or_not": {
          "actions": {
            "Set_variable_-_enabled": {
              "runAfter": {},
              "metadata": {
                "operationMetadataId": "289c8601-5fe7-4ae3-8c7d-307b92283a29"
              },
              "type": "SetVariable",
              "inputs": {
                "name": "BookWithMeEnabled",
                "value": true
              }
            }
          },
          "runAfter": {
            "Parse_JSON": [
              "Succeeded",
              "Failed"
            ]
          },
          "else": {
            "actions": {
              "Set_variable_-_not_enabled": {
                "runAfter": {},
                "metadata": {
                  "operationMetadataId": "c1714f23-7b11-4da9-bdbb-0bd5e42280dd"
                },
                "type": "SetVariable",
                "inputs": {
                  "name": "BookWithMeEnabled",
                  "value": false
                }
              }
            }
          },
          "expression": {
            "not": {
              "equals": [
                "@body('Parse_JSON')?['onPremisesExtensionAttributes']?['extensionAttribute1']",
                "@null"
              ]
            }
          },
          "metadata": {
            "operationMetadataId": "b28519f3-2495-4d81-bed2-f02b92a40a83"
          },
          "type": "If"
        },
        "Initialize_variable_-_Book_with_Me_enabled_or_not": {
          "runAfter": {},
          "metadata": {
            "operationMetadataId": "82c41a68-65a4-4bad-a432-2a24311097f9"
          },
          "type": "InitializeVariable",
          "inputs": {
            "variables": [
              {
                "name": "BookWithMeEnabled",
                "type": "boolean"
              }
            ]
          }
        },
        "Respond_to_a_PowerApp_or_flow": {
          "runAfter": {
            "Condition_-_enabled_or_not": [
              "Succeeded"
            ]
          },
          "metadata": {
            "operationMetadataId": "6a57c72a-b9a6-46e5-8315-15ee0d93ebd2"
          },
          "type": "Response",
          "kind": "PowerApp",
          "inputs": {
            "statusCode": 200,
            "body": {
              "bookwithmeenabled": "@{variables('BookWithMeEnabled')}"
            },
            "schema": {
              "type": "object",
              "properties": {
                "bookwithmeenabled": {
                  "title": "BookWithMeEnabled",
                  "x-ms-dynamically-added": true,
                  "type": "string"
                }
              }
            }
          }
        }
      }
    }
  },
  "schemaVersion": "1.0.0.0"
}