{
  "properties": {
    "connectionReferences": {},
    "definition": {
      "$schema": "https://schema.management.azure.com/providers/Microsoft.Logic/schemas/2016-06-01/workflowdefinition.json#",
      "contentVersion": "1.0.0.0",
      "parameters": {
        "$authentication": {
          "defaultValue": {},
          "type": "SecureObject"
        }
      },
      "triggers": {
        "manual": {
          "metadata": {
            "operationMetadataId": "54414979-1a18-416e-a284-aab37cc4ebc0"
          },
          "type": "Request",
          "kind": "PowerAppV2",
          "inputs": {
            "schema": {
              "type": "object",
              "properties": {
                "text": {
                  "title": "UPN",
                  "type": "string",
                  "x-ms-dynamically-added": true,
                  "description": "Please enter your input",
                  "x-ms-content-hint": "TEXT"
                }
              },
              "required": [
                "text"
              ]
            }
          }
        }
      },
      "actions": {
        "Initialize_variable_-_Tenant": {
          "runAfter": {},
          "metadata": {
            "operationMetadataId": "b2956487-3ed4-44a3-abfb-81283ea78561"
          },
          "type": "InitializeVariable",
          "inputs": {
            "variables": [
              {
                "name": "Tenant",
                "type": "string",
                "value": "YOUR TENANT ID"
              }
            ]
          }
        },
        "Initialize_variable_-_Client": {
          "runAfter": {
            "Initialize_variable_-_Tenant": [
              "Succeeded"
            ]
          },
          "metadata": {
            "operationMetadataId": "9a0fb740-9104-4281-9f10-e0879c86b002"
          },
          "type": "InitializeVariable",
          "inputs": {
            "variables": [
              {
                "name": "Client",
                "type": "string",
                "value": "YOUR CLIENT ID"
              }
            ]
          }
        },
        "Initialize_variable_-_Secret": {
          "runAfter": {
            "Initialize_variable_-_Client": [
              "Succeeded"
            ]
          },
          "metadata": {
            "operationMetadataId": "ebc4fded-0c7a-4495-8fac-3ead92690028"
          },
          "type": "InitializeVariable",
          "inputs": {
            "variables": [
              {
                "name": "Secret",
                "type": "string",
                "value": "YOUR SECRET"
              }
            ]
          }
        },
        "HTTP_-_clear_extensionAttribute1": {
          "runAfter": {
            "Initialize_variable_-_Secret": [
              "Succeeded"
            ]
          },
          "metadata": {
            "operationMetadataId": "ed8c6b16-87df-437d-b27f-fcfac5721747"
          },
          "type": "Http",
          "inputs": {
            "method": "PATCH",
            "uri": "https://graph.microsoft.com/v1.0/users/@{triggerBody()['text']}",
            "body": {
              "onPremisesExtensionAttributes": {
                "extensionAttribute1": null
              }
            },
            "authentication": {
              "type": "ActiveDirectoryOAuth",
              "tenant": "@variables('Tenant')",
              "audience": "https://graph.microsoft.com",
              "clientId": "@variables('Client')",
              "secret": "@variables('Secret')"
            }
          }
        }
      },
      "outputs": {}
    }
  },
  "schemaVersion": "1.0.0.0"
}