<ImportExportXml xmlns:xsi="http://www.w3.org/2001/XMLSchema-instance">
  <Entities></Entities>
  <Roles></Roles>
  <Workflows>
    <Workflow WorkflowId="{35953756-8a3f-ed11-bba3-000d3ac91267}" Name="USERS - Book with Me - set URL in extensionAttribute1">
      <JsonFileName>/Workflows/USERS-BookwithMe-setURLinextensionAttribute1-35953756-8A3F-ED11-BBA3-000D3AC91267.json</JsonFileName>
      <Type>1</Type>
      <Subprocess>0</Subprocess>
      <Category>5</Category>
      <Mode>0</Mode>
      <Scope>4</Scope>
      <OnDemand>0</OnDemand>
      <TriggerOnCreate>0</TriggerOnCreate>
      <TriggerOnDelete>0</TriggerOnDelete>
      <AsyncAutodelete>0</AsyncAutodelete>
      <SyncWorkflowLogOnFailure>0</SyncWorkflowLogOnFailure>
      <StateCode>1</StateCode>
      <StatusCode>2</StatusCode>
      <RunAs>1</RunAs>
      <IsTransacted>1</IsTransacted>
      <IntroducedVersion>1.0.0.0</IntroducedVersion>
      <IsCustomizable>1</IsCustomizable>
      <BusinessProcessType>0</BusinessProcessType>
      <IsCustomProcessingStepAllowedForOtherPublishers>1</IsCustomProcessingStepAllowedForOtherPublishers>
      <PrimaryEntity>none</PrimaryEntity>
      <LocalizedNames>
        <LocalizedName languagecode="1033" description="USERS - Book with Me - set URL in extensionAttribute1" />
      </LocalizedNames>
    </Workflow>
    <Workflow WorkflowId="{e3c89e8d-c13f-ed11-bba3-0022485a51b9}" Name="USERS - Book with Me - get status of extensionAttribute1">
      <JsonFileName>/Workflows/USERS-BookwithMe-getstatusofextensionAttribute1-E3C89E8D-C13F-ED11-BBA3-0022485A51B9.json</JsonFileName>
      <Type>1</Type>
      <Subprocess>0</Subprocess>
      <Category>5</Category>
      <Mode>0</Mode>
      <Scope>4</Scope>
      <OnDemand>0</OnDemand>
      <TriggerOnCreate>0</TriggerOnCreate>
      <TriggerOnDelete>0</TriggerOnDelete>
      <AsyncAutodelete>0</AsyncAutodelete>
      <SyncWorkflowLogOnFailure>0</SyncWorkflowLogOnFailure>
      <StateCode>1</StateCode>
      <StatusCode>2</StatusCode>
      <RunAs>1</RunAs>
      <IsTransacted>1</IsTransacted>
      <IntroducedVersion>1.0.0.0</IntroducedVersion>
      <IsCustomizable>1</IsCustomizable>
      <BusinessProcessType>0</BusinessProcessType>
      <IsCustomProcessingStepAllowedForOtherPublishers>1</IsCustomProcessingStepAllowedForOtherPublishers>
      <PrimaryEntity>none</PrimaryEntity>
      <LocalizedNames>
        <LocalizedName languagecode="1033" description="USERS - Book with Me - get status of extensionAttribute1" />
      </LocalizedNames>
    </Workflow>
    <Workflow WorkflowId="{60f7a534-cb3f-ed11-bba3-0022485a51b9}" Name="USERS - Book with Me (CHILD FLOW) - get ExchangeGUID">
      <JsonFileName>/Workflows/USERS-BookwithMeCHILDFLOW-getExchangeGUID-60F7A534-CB3F-ED11-BBA3-0022485A51B9.json</JsonFileName>
      <Type>1</Type>
      <Subprocess>0</Subprocess>
      <Category>5</Category>
      <Mode>0</Mode>
      <Scope>4</Scope>
      <OnDemand>0</OnDemand>
      <TriggerOnCreate>0</TriggerOnCreate>
      <TriggerOnDelete>0</TriggerOnDelete>
      <AsyncAutodelete>0</AsyncAutodelete>
      <SyncWorkflowLogOnFailure>0</SyncWorkflowLogOnFailure>
      <StateCode>1</StateCode>
      <StatusCode>2</StatusCode>
      <RunAs>1</RunAs>
      <IsTransacted>1</IsTransacted>
      <IntroducedVersion>1.0.0.0</IntroducedVersion>
      <IsCustomizable>1</IsCustomizable>
      <BusinessProcessType>0</BusinessProcessType>
      <IsCustomProcessingStepAllowedForOtherPublishers>1</IsCustomProcessingStepAllowedForOtherPublishers>
      <PrimaryEntity>none</PrimaryEntity>
      <LocalizedNames>
        <LocalizedName languagecode="1033" description="USERS - Book with Me (CHILD FLOW) - get ExchangeGUID" />
      </LocalizedNames>
    </Workflow>
    <Workflow WorkflowId="{286b772b-db3f-ed11-bba3-0022485a51b9}" Name="USERS - Book with Me - clear extensionAttribute1">
      <JsonFileName>/Workflows/USERS-BookwithMe-clearextensionAttribute1-286B772B-DB3F-ED11-BBA3-0022485A51B9.json</JsonFileName>
      <Type>1</Type>
      <Subprocess>0</Subprocess>
      <Category>5</Category>
      <Mode>0</Mode>
      <Scope>4</Scope>
      <OnDemand>0</OnDemand>
      <TriggerOnCreate>0</TriggerOnCreate>
      <TriggerOnDelete>0</TriggerOnDelete>
      <AsyncAutodelete>0</AsyncAutodelete>
      <SyncWorkflowLogOnFailure>0</SyncWorkflowLogOnFailure>
      <StateCode>1</StateCode>
      <StatusCode>2</StatusCode>
      <RunAs>1</RunAs>
      <IsTransacted>1</IsTransacted>
      <IntroducedVersion>1.0.0.0</IntroducedVersion>
      <IsCustomizable>1</IsCustomizable>
      <BusinessProcessType>0</BusinessProcessType>
      <IsCustomProcessingStepAllowedForOtherPublishers>1</IsCustomProcessingStepAllowedForOtherPublishers>
      <PrimaryEntity>none</PrimaryEntity>
      <LocalizedNames>
        <LocalizedName languagecode="1033" description="USERS - Book with Me - clear extensionAttribute1" />
      </LocalizedNames>
    </Workflow>
  </Workflows>
  <FieldSecurityProfiles></FieldSecurityProfiles>
  <Templates />
  <EntityMaps />
  <EntityRelationships />
  <OrganizationSettings />
  <optionsets />
  <CustomControls />
  <EntityDataProviders />
  <CanvasApps>
    <CanvasApp>
      <Name>ls_bookwithmeemailsignaturemanager_63065</Name>
      <AppVersion>2022-10-03T04:59:15Z</AppVersion>
      <Status>Ready</Status>
      <CreatedByClientVersion>3.22091.27.0</CreatedByClientVersion>
      <MinClientVersion>3.22091.27.0</MinClientVersion>
      <Tags>{"primaryDeviceWidth":"1366","primaryDeviceHeight":"768","supportsPortrait":"true","supportsLandscape":"true","primaryFormFactor":"Tablet","publisherVersion":"3.22091.27","minimumRequiredApiVersion":"2.2.0","hasComponent":"false","hasUnlockedComponent":"false","isUnifiedRootApp":"false","sienaVersion":"20221003T042735Z-3.22091.27.0"}</Tags>
      <IsCdsUpgraded>0</IsCdsUpgraded>
      <GalleryItemId xsi:nil="true"></GalleryItemId>
      <BackgroundColor>rgba(0, 0, 0, 1)</BackgroundColor>
      <DisplayName>Bookings with Me email signature toggle</DisplayName>
      <Description>A simple app that allows you to enable or disable the ability for your Bookings with Me URL to be available to Exclaimer.

Created by Loryan Strant</Description>
      <CommitMessage xsi:nil="true"></CommitMessage>
      <Publisher xsi:nil="true"></Publisher>
      <AuthorizationReferences>[]</AuthorizationReferences>
      <ConnectionReferences>{"d50c7fe0-952e-4e20-9b08-523912701e4e":{"id":"/providers/microsoft.powerapps/apis/shared_logicflows","displayName":"Logic flows","iconUri":"https://connectoricons-prod.azureedge.net/releases/v1.0.1534/1.0.1534.2605/logicflows/icon.png","dataSources":["USERS-GetcurrentstatusofBookwithMeinemailsignature"],"dependencies":[],"dependents":[],"parameterHints":{"workflowName":{"value":"c667fbf6-cb3e-4e49-b732-f60298e99326"},"workflowEntityId":{"value":"e3c89e8d-c13f-ed11-bba3-0022485a51b9"}},"parameterHintsV2":{"workflowName":{"value":"c667fbf6-cb3e-4e49-b732-f60298e99326"},"workflowEntityId":{"value":"e3c89e8d-c13f-ed11-bba3-0022485a51b9"}},"isOnPremiseConnection":false,"bypassConsent":false,"dataSets":{},"apiTier":"Standard","actions":["Run"]},"f500a7e4-26a7-421c-a96f-760cec01e9d6":{"id":"/providers/microsoft.powerapps/apis/shared_logicflows","displayName":"Logic flows","iconUri":"https://connectoricons-prod.azureedge.net/releases/v1.0.1534/1.0.1534.2605/logicflows/icon.png","dataSources":["USERS-SetBookwithMeURLinextensionAttribute1"],"dependencies":[],"dependents":[],"parameterHints":{"workflowName":{"value":"cdab6964-cf0a-4bc0-bec9-04fc35df9984"},"workflowEntityId":{"value":"35953756-8a3f-ed11-bba3-000d3ac91267"}},"parameterHintsV2":{"workflowName":{"value":"cdab6964-cf0a-4bc0-bec9-04fc35df9984"},"workflowEntityId":{"value":"35953756-8a3f-ed11-bba3-000d3ac91267"}},"isOnPremiseConnection":false,"bypassConsent":false,"dataSets":{},"apiTier":"Standard","actions":["Run"]},"17d72e7b-00f1-45a6-9dee-3f73f67b9de2":{"id":"/providers/microsoft.powerapps/apis/shared_logicflows","displayName":"Logic flows","iconUri":"https://connectoricons-prod.azureedge.net/releases/v1.0.1534/1.0.1534.2605/logicflows/icon.png","dataSources":["USERS-BookwithMe-clearextensionAttribute1"],"dependencies":[],"dependents":[],"parameterHints":{"workflowName":{"value":"89783d5e-51b3-4392-a300-d94b12307e76"},"workflowEntityId":{"value":"286b772b-db3f-ed11-bba3-0022485a51b9"}},"parameterHintsV2":{"workflowName":{"value":"89783d5e-51b3-4392-a300-d94b12307e76"},"workflowEntityId":{"value":"286b772b-db3f-ed11-bba3-0022485a51b9"}},"isOnPremiseConnection":false,"bypassConsent":false,"dataSets":{},"apiTier":"Standard","actions":["Run"]}}</ConnectionReferences>
      <DatabaseReferences>{}</DatabaseReferences>
      <AppComponents>[]</AppComponents>
      <AppComponentDependencies>[]</AppComponentDependencies>
      <CanConsumeAppPass>1</CanConsumeAppPass>
      <CanvasAppType>0</CanvasAppType>
      <BypassConsent>0</BypassConsent>
      <AdminControlBypassConsent>0</AdminControlBypassConsent>
      <EmbeddedApp xsi:nil="true"></EmbeddedApp>
      <IntroducedVersion>1.0</IntroducedVersion>
      <CdsDependencies>{"cdsdependencies":[]}</CdsDependencies>
      <IsCustomizable>1</IsCustomizable>
      <BackgroundImageUri>/CanvasApps/ls_bookwithmeemailsignaturemanager_63065_BackgroundImageUri</BackgroundImageUri>
      <DocumentUri>/CanvasApps/ls_bookwithmeemailsignaturemanager_63065_DocumentUri.msapp</DocumentUri>
    </CanvasApp>
  </CanvasApps>
  <connectionreferences>
    <connectionreference connectionreferencelogicalname="ls_sharedazureautomation_628ee">
      <connectionreferencedisplayname>Azure Automation</connectionreferencedisplayname>
      <connectorid>/providers/Microsoft.PowerApps/apis/shared_azureautomation</connectorid>
      <iscustomizable>1</iscustomizable>
      <statecode>0</statecode>
      <statuscode>1</statuscode>
    </connectionreference>
  </connectionreferences>
  <Languages>
    <Language>1033</Language>
  </Languages>
</ImportExportXml>